{
  "train": {
    "MAE": 32.62898279421229,
    "RMSE": 65.65589100290418,
    "R2": 0.9512195000743929,
    "MAPE_%": 52273475.28599312
  },
  "val": {
    "MAE": 36.25505718591136,
    "RMSE": 73.32293356110945,
    "R2": 0.9406096088029479,
    "MAPE_%": 59302190.24420511
  },
  "test": {
    "MAE": 34.69986065546247,
    "RMSE": 68.85415584264717,
    "R2": 0.9428899694720424,
    "MAPE_%": 56418719.422624774
  }
}