{
  "train": {
    "MAE": 32.62898279421229,
    "RMSE": 65.65589100290418,
    "R2": 0.9512195000743929,
    "MAPE_%": 52273475.28599312
  },
  "val": {
    "MAE": 36.25505718591136,
    "RMSE": 73.32293356110945,
    "R2": 0.9406096088029479,
    "MAPE_%": 59302190.24420511
  },
  "hyperparameters": {
    "n_estimators": 800,
    "learning_rate": 0.05,
    "max_depth": 6,
    "min_child_weight": 3,
    "subsample": 0.8,
    "colsample_bytree": 0.8,
    "reg_lambda": 1.0,
    "objective": "reg:squarederror",
    "tree_method": "hist",
    "random_state": 42
  },
  "n_train": 157824,
  "n_val": 26064,
  "n_test": 26496,
  "feature_count": 21
}